{"X": [0.76, 2.47], "Y": -0.03401755657935341, "EQ": "-0.0350"}
{"X": [0.94, 0.81], "Y": 1.5447842612931235, "EQ": "sin(log(exp(x))) + 0.821"}
{"X": [2.38, 2.1], "Y": -0.2956898602967125, "EQ": "0.2952*log(x)*log(log(sin(x))) + 0.841"}
{"X": [1.58, 0.54], "Y": 0.4028208204781663, "EQ": "log(sin(x)) + sin(exp(x) + 1.011)"}
{"X": [1.77, 0.99], "Y": -0.6154289615213032, "EQ": "0.114*log(-x*exp(x)) - 1.0217"}
{"X": [0.75, 1.58], "Y": 90.17434592771015, "EQ": "exp(x)*sin(x) + 7.286*exp(x)"}
{"X": [3.0, 1.25], "Y": -2.5222508562570676, "EQ": "log(x) - 1.385 - 1.7/x"}
{"X": [0.17, 1.21], "Y": 0.00999353293981852, "EQ": "0.105*exp(-x)*log(x - 2.587)"}
{"X": [1.83, 1.64], "Y": 0.0701492119090479, "EQ": "0.0582*sin(sin(x))"}
{"X": [0.16, 1.6], "Y": 0.9744911372002026, "EQ": "sin(2.23/x)"}
